{"af": 0.9016193151473999, "ar": 0.9475671648979187, "bg": 0.9096574783325195, "bn": 0.7035135626792908, "de": 0.9233652353286743, "el": 0.895377516746521, "en": 0.9264163970947266, "es": 0.9551864862442017, "et": 0.8878942131996155, "eu": 0.9040717482566833, "fa": 0.676748514175415, "fi": 0.9183438420295715, "fr": 0.9497711658477783, "he": 0.7684919834136963, "hi": 0.9450414776802063, "hu": 0.9244530200958252, "id": 0.7616013884544373, "it": 0.8931920528411865, "ja": 0.9036403894424438, "jv": 0.8137880563735962, "ka": 0.8566244840621948, "kk": 0.8809781074523926, "ko": 0.9430087804794312, "ml": 0.7863863110542297, "mr": 0.7933176755905151, "ms": 0.969239354133606, "my": 0.6789369583129883, "nl": 0.9183833003044128, "pt": 0.907105565071106, "ru": 0.9493586421012878, "sw": 0.9584344625473022, "ta": 0.7696848511695862, "te": 0.792343020439148, "th": 0.5515767335891724, "tl": 0.8036962747573853, "tr": 0.9612674713134766, "ur": 0.48263198137283325, "vi": 0.8456421494483948, "yo": 0.4844552278518677, "zh": 0.9446067214012146}